{
    "datos provincia": {
        "table": "dana_sample.votos_provincia",
        "base filter": "",
        "connect": {
            "driver": "mysql",
            "dbname": "dana_sample",
            "dbhost": "localhost",
            "dbuser": "demo",
            "dbpass": "demo123"
        },
        "fields": [
            "votes_presential",
            "votes_percent",
            "seats",
            "ord"
        ],
        "guides": [
            {
                "name": "partido",
                "class": "o",
                "prod": [
                    {
                        "fmt": "txt",
                        "elem": "partido_id",
                        "domain": {
                            "table": "dana_sample.partidos",
                            "desc": "acronym",
                            "filter": "",
                            "code": "code"
                        }
                    }
                ]
            },
            {
                "name": "autonomia",
                "class": "o",
                "prod": [
                    {
                        "fmt": "txt",
                        "elem": "region",
                        "domain": {
                            "table": "dana_sample.localidades",
                            "desc": "nombre",
                            "filter": "provincia = ''",
                            "code": "region"
                        }
                    }
                ]
            },
            {
                "name": "provincia",
                "class": "o",
                "prod": [
                    {
                        "fmt": "txt",
                        "elem": "provincia",
                        "domain": {
                            "table": "dana_sample.localidades",
                            "desc": "nombre",
                            "filter": "provincia <> '' and municipio = '' and isla = ''",
                            "code": "provincia"
                        }
                    }
                ]
            },
            {
                "name": "geo",
                "class": "h",
                "prod": [
                    {
                        "name": "region",
                        "fmt": "txt",
                        "elem": "region",
                        "domain": {
                            "table": "dana_sample.localidades",
                            "desc": "nombre",
                            "filter": "provincia = ''",
                            "code": "region"
                        }
                    },
                    {
                        "name": "provincia",
                        "fmt": "txt",
                        "elem": "provincia",
                        "domain": {
                            "table": "dana_sample.localidades",
                            "desc": "nombre",
                            "filter": "provincia <> '' and municipio = '' and isla = ''",
                            "code": "provincia",
                            "grouped by": "region"
                        }
                    }
                ]
            },
            {
                "name": "partidos importantes",
                "class": "o",
                "prod": [
                    {
                        "fmt": "txt",
                        "elem": "partido_id",
                        "domain": {
                            "table": "dana_sample.partidos",
                            "desc": "acronym",
                            "filter": "code in (select distinct partido_id from votos_provincia where votes_percent >= 3)",
                            "code": "code"
                        }
                    }
                ]
            }
        ]
    },
    "experimento": {
        "table": "dana_sample.votos_provincia",
        "base filter": "",
        "connect": {
            "driver": "mysql",
            "dbname": "dana_sample",
            "dbhost": "localhost",
            "dbuser": "demo",
            "dbpass": "demo123"
        },
        "fields": [
            "votes_presential",
            "votes_percent",
            "seats",
            "ord"
        ],
        "guides": [
            {
                "name": "partido",
                "class": "o",
                "prod": [
                    {
                        "fmt": "txt",
                        "elem": "partido_id",
                        "domain": {
                            "table": "dana_sample.partidos",
                            "desc": "acronym",
                            "filter": "code in (select distinct partido_id from votos_provincia where votes_percent >= 3)",
                            "code": "code"
                        }
                    }
                ]
            },
            {
                "name": "provincia",
                "class": "o",
                "prod": [
                    {
                        "fmt": "txt",
                        "elem": "provincia",
                        "domain": {
                            "table": "dana_sample.localidades",
                            "desc": "nombre",
                            "filter": "provincia <> '' and municipio = '' and isla = ''",
                            "code": "provincia"
                        }
                    }
                ]
            },
            {
                "name": "ideologia",
                "class": "c",
                "prod": [
                    {
                        "categories": [
                            {
                                "default": "otros"
                            },
                            {
                                "result": "Derecha",
                                "values": [
                                    "3316",
                                    "4688"
                                ],
                                "condition": "in"
                            },
                            {
                                "result": "Centro",
                                "values": [
                                    "1079",
                                    "4475"
                                ],
                                "condition": "in"
                            },
                            {
                                "result": "Izquierda",
                                "values": [
                                    "3484"
                                ],
                                "condition": "in"
                            },
                            {
                                "result": "Extrema Izquierda",
                                "values": [
                                    "3736",
                                    "5033",
                                    "4850",
                                    "5008",
                                    "5041",
                                    "2744",
                                    "5026"
                                ],
                                "condition": "in"
                            },
                            {
                                "result": "Separatistas",
                                "values": [
                                    "5063",
                                    "4991",
                                    "1528"
                                ],
                                "condition": "in"
                            },
                            {
                                "result": "Nacionalistas",
                                "values": [
                                    "1533",
                                    "4744",
                                    "4223"
                                ],
                                "condition": "in"
                            }
                        ],
                        "fmt": "txt",
                        "elem": "partido_id"
                    }
                ]
            }
        ]
    },
    "default": {
        "cubo": "datos locales",
        "vista": {
            "elemento": "votes_presential",
            "agregado": "sum",
            "row": 6,
            "col": 1
        }
    },
    "datos light": {
        "table": "dana_sample.votos_locales",
        "base filter": "",
        "connect": {
            "driver": "mysql",
            "dbname": "dana_sample",
            "dbhost": "localhost",
            "dbuser": "demo",
            "dbpass": "demo123"
        },
        "fields": [
            "votes_presential",
            "votes_percent",
            "ord"
        ],
        "guides": [
            {
                "name": "partido",
                "class": "o",
                "prod": [
                    {
                        "fmt": "txt",
                        "elem": "partido_id",
                        "domain": {
                            "table": "dana_sample.partidos",
                            "desc": "acronym",
                            "filter": "",
                            "code": "code"
                        }
                    }
                ]
            },
            {
                "name": "partidos importantes",
                "class": "o",
                "prod": [
                    {
                        "fmt": "txt",
                        "elem": "partido_id",
                        "domain": {
                            "table": "dana_sample.partidos",
                            "desc": "acronym",
                            "filter": "code in (select distinct partido_id from votos_provincia where votes_percent >= 3)",
                            "code": "code"
                        }
                    }
                ]
            },
            {
                "name": "autonomia",
                "class": "o",
                "prod": [
                    {
                        "fmt": "txt",
                        "elem": "region",
                        "domain": {
                            "table": "dana_sample.localidades",
                            "desc": "nombre",
                            "filter": "provincia = ''",
                            "code": "region"
                        }
                    }
                ]
            },
            {
                "name": "provincia",
                "class": "o",
                "prod": [
                    {
                        "fmt": "txt",
                        "elem": "provincia",
                        "domain": {
                            "table": "dana_sample.localidades",
                            "desc": "nombre",
                            "filter": "provincia <> '' and municipio = '' and isla = ''",
                            "code": "provincia"
                        }
                    }
                ]
            },
            {
                "name": "municipio",
                "class": "o",
                "prod": [
                    {
                        "fmt": "txt",
                        "elem": "municipio",
                        "domain": {
                            "table": "dana_sample.localidades",
                            "desc": "nombre",
                            "filter": "municipio <> '' and isla = '' ",
                            "code": "municipio"
                        }
                    }
                ]
            },
            {
                "name": "geo",
                "class": "h",
                "prod": [
                    {
                        "name": "region",
                        "fmt": "txt",
                        "elem": "region",
                        "domain": {
                            "table": "dana_sample.localidades",
                            "desc": "nombre",
                            "filter": "provincia = ''",
                            "code": "region"
                        }
                    },
                    {
                        "name": "provincia",
                        "fmt": "txt",
                        "elem": "provincia",
                        "domain": {
                            "table": "dana_sample.localidades",
                            "desc": "nombre",
                            "filter": "provincia <> '' and municipio = '' and isla = ''",
                            "code": "provincia",
                            "grouped by": "region"
                        }
                    }
                ]
            },
            {
                "name": "fecha",
                "class": "d",
                "prod": [
                    {
                        "fmt": "date",
                        "elem": "fakedate"
                    }
                ]
            }
        ]
    },
    "datos locales": {
        "table": "dana_sample.votos_locales",
        "base filter": "",
        "connect": {
            "driver": "mysql",
            "dbname": "dana_sample",
            "dbhost": "localhost",
            "dbuser": "demo",
            "dbpass": "demo123"
        },
        "fields": [
            "votes_presential",
            "votes_percent",
            "ord"
        ],
        "guides": [
            {
                "name": "partido",
                "class": "o",
                "prod": [
                    {
                        "fmt": "txt",
                        "elem": "partido_id",
                        "domain": {
                            "table": "dana_sample.partidos",
                            "desc": "acronym",
                            "filter": "",
                            "code": "code"
                        }
                    }
                ]
            },
            {
                "name": "partidos importantes",
                "class": "o",
                "prod": [
                    {
                        "fmt": "txt",
                        "elem": "partido_id",
                        "domain": {
                            "table": "dana_sample.partidos",
                            "desc": "acronym",
                            "filter": "code in (select distinct partido_id from votos_provincia where votes_percent >= 3)",
                            "code": "code"
                        }
                    }
                ]
            },
            {
                "name": "autonomia",
                "class": "o",
                "prod": [
                    {
                        "fmt": "txt",
                        "elem": "region",
                        "domain": {
                            "table": "dana_sample.localidades",
                            "desc": "nombre",
                            "filter": "region <> ''  and provincia = ''",
                            "code": "region"
                        }
                    }
                ]
            },
            {
                "name": "provincia",
                "class": "o",
                "prod": [
                    {
                        "fmt": "txt",
                        "elem": "provincia",
                        "domain": {
                            "table": "dana_sample.localidades",
                            "desc": "nombre",
                            "filter": "provincia <> '' and municipio = '' and isla = ''",
                            "code": "provincia"
                        }
                    }
                ]
            },
            {
                "name": "geo",
                "class": "h",
                "prod": [
                    {
                        "name": "region",
                        "fmt": "txt",
                        "elem": "region",
                        "domain": {
                            "table": "dana_sample.localidades",
                            "desc": "nombre",
                            "filter": "region <> '' and provincia = ''",
                            "code": "region"
                        }
                    },
                    {
                        "name": "provincia",
                        "fmt": "txt",
                        "elem": "provincia",
                        "domain": {
                            "table": "dana_sample.localidades",
                            "desc": "nombre",
                            "filter": "provincia <> '' and municipio = '' and isla = ''",
                            "code": "provincia",
                            "grouped by": "region"
                        }
                    }
                ]
            },
            {
                "name": "geo-detail",
                "class": "h",
                "prod": [
                    {
                        "name": "region",
                        "fmt": "txt",
                        "elem": "region",
                        "domain": {
                            "table": "dana_sample.localidades",
                            "desc": "nombre",
                            "filter": "provincia = ''  and region != ''",
                            "code": "region"
                        }
                    },
                    {
                        "name": "provincia",
                        "fmt": "txt",
                        "elem": "provincia",
                        "domain": {
                            "table": "dana_sample.localidades",
                            "desc": "nombre",
                            "filter": "region = 'CA01' and provincia <> '' and municipio = '' and isla = ''",
                            "code": "provincia",
                            "grouped by": "region"
                        }
                    }
                ]
            },
            {
                "name": "fecha",
                "class": "d",
                "prod": [
                    {
                        "fmt": "date",
                        "elem": "fakedate"
                    }
                ]
            },
            {
                "name": "cuatrimestre",
                "class": "h",
                "prod": [
                    {
                        "elem": "DATE_FORMAT(fakedate,'%Y')",
                        "name": "año",
                        "class": "o"
                    },
                    {
                        "elem": "fakedate",
                        "case_sql": [
                            "case",
                            "when DATE_FORMAT($$1,'%m') in ('01','02','03')  then CONCAT_WS(':',DATE_FORMAT($$1,'%Y'),'1')",
                            "when DATE_FORMAT($$1,'%m') in ('04','05','06')  then CONCAT_WS(':',DATE_FORMAT($$1,'%Y'),'2')" ,
                            "when DATE_FORMAT($$1,'%m') in ('07','08','09') then CONCAT_WS(':',DATE_FORMAT($$1,'%Y'),'3')" ,
                            "when DATE_FORMAT($$1,'%m') in ('10','11','12') then CONCAT_WS(':',DATE_FORMAT($$1,'%Y'),'4')",
                            "end as $$2"
                        ],
                        "name": "trimestre",
                        "class": "c"
                    }
                ]
            }
        ]
    }
}
