{
    "datos provincia": {
        "table": "public.votos_provincia",
        "base filter": "",
        "connect": {
            "driver": "postgresql",
            "dbname": "dana_sample",
            "dbhost": "localhost",
            "dbuser": "demo",
            "dbpass": "demo123"
        },
        "fields": [
            "votes_presential",
            "votes_percent",
            "seats",
            "ord"
        ],
        "guides": [
            {
                "name": "partido",
                "class": "o",
                "prod": [
                    {
                        "fmt": "txt",
                        "elem": "partido_id",
                        "domain": {
                            "table": "public.partidos",
                            "desc": "acronym",
                            "filter": "",
                            "code": "code"
                        }
                    }
                ]
            },
            {
                "name": "autonomia",
                "class": "o",
                "prod": [
                    {
                        "fmt": "txt",
                        "elem": "region",
                        "domain": {
                            "table": "public.localidades",
                            "desc": "nombre",
                            "filter": "provincia is null",
                            "code": "region"
                        }
                    }
                ]
            },
            {
                "name": "provincia",
                "class": "o",
                "prod": [
                    {
                        "fmt": "txt",
                        "elem": "provincia",
                        "domain": {
                            "table": "public.localidades",
                            "desc": "nombre",
                            "filter": "provincia is not null and municipio is null and isla is null",
                            "code": "provincia"
                        }
                    }
                ]
            },
            {
                "name": "geo",
                "class": "h",
                "prod": [
                    {
                        "name": "region",
                        "fmt": "txt",
                        "elem": "region",
                        "domain": {
                            "table": "public.localidades",
                            "desc": "nombre",
                            "filter": "provincia is null",
                            "code": "region"
                        }
                    },
                    {
                        "name": "provincia",
                        "fmt": "txt",
                        "elem": "provincia",
                        "domain": {
                            "table": "public.localidades",
                            "desc": "nombre",
                            "filter": "provincia is not null and municipio is null and isla is null",
                            "code": "provincia",
                            "grouped by": "region"
                        }
                    }
                ]
            },
            {
                "name": "partidos importantes",
                "class": "o",
                "prod": [
                    {
                        "fmt": "txt",
                        "elem": "partido_id",
                        "domain": {
                            "table": "public.partidos",
                            "desc": "acronym",
                            "filter": "code in (select distinct partido_id from votos_provincia where votes_percent >= 3)",
                            "code": "code"
                        }
                    }
                ]
            }
        ]
    },
    "experimento": {
        "table": "public.votos_provincia",
        "base filter": "",
        "connect": {
            "driver": "postgresql",
            "dbname": "dana_sample",
            "dbhost": "localhost",
            "dbuser": "demo",
            "dbpass": "demo123"
        },
        "fields": [
            "votes_presential",
            "votes_percent",
            "seats",
            "ord"
        ],
        "guides": [
            {
                "name": "partido",
                "class": "o",
                "prod": [
                    {
                        "fmt": "txt",
                        "elem": "partido_id",
                        "domain": {
                            "table": "public.partidos",
                            "desc": "acronym",
                            "filter": "code in (select distinct partido_id from votos_provincia where votes_percent >= 3)",
                            "code": "code"
                        }
                    }
                ]
            },
            {
                "name": "provincia",
                "class": "o",
                "prod": [
                    {
                        "fmt": "txt",
                        "elem": "provincia",
                        "domain": {
                            "table": "public.localidades",
                            "desc": "nombre",
                            "filter": "provincia is not null and municipio is null and isla is null",
                            "code": "provincia"
                        }
                    }
                ]
            },
            {
                "name": "ideologia",
                "class": "c",
                "prod": [
                    {
                        "categories": [
                            {
                                "default": "otros"
                            },
                            {
                                "result": "Derecha",
                                "values": [
                                    "3316",
                                    "4688"
                                ],
                                "condition": "in"
                            },
                            {
                                "result": "Centro",
                                "values": [
                                    "1079",
                                    "4475"
                                ],
                                "condition": "in"
                            },
                            {
                                "result": "Izquierda",
                                "values": [
                                    "3484"
                                ],
                                "condition": "in"
                            },
                            {
                                "result": "Extrema Izquierda",
                                "values": [
                                    "3736",
                                    "5033",
                                    "4850",
                                    "5008",
                                    "5041",
                                    "2744",
                                    "5026"
                                ],
                                "condition": "in"
                            },
                            {
                                "result": "Separatistas",
                                "values": [
                                    "5063",
                                    "4991",
                                    "1528"
                                ],
                                "condition": "in"
                            },
                            {
                                "result": "Nacionalistas",
                                "values": [
                                    "1533",
                                    "4744",
                                    "4223"
                                ],
                                "condition": "in"
                            }
                        ],
                        "fmt": "txt",
                        "elem": "partido_id"
                    }
                ]
            }
        ]
    },
    "default": {
        "cubo": "datos locales",
        "vista": {
            "elemento": "votes_presential",
            "agregado": "sum",
            "row": 6,
            "col": 1
        }
    },
    "datos light": {
        "table": "public.votos_locales",
        "base filter": "",
        "connect": {
            "driver": "postgresql",
            "dbname": "dana_sample",
            "dbhost": "localhost",
            "dbuser": "demo",
            "dbpass": "demo123"
        },
        "fields": [
            "votes_presential",
            "votes_percent",
            "ord"
        ],
        "guides": [
            {
                "name": "partido",
                "class": "o",
                "prod": [
                    {
                        "fmt": "txt",
                        "elem": "partido_id",
                        "domain": {
                            "table": "public.partidos",
                            "desc": "acronym",
                            "filter": "",
                            "code": "code"
                        }
                    }
                ]
            },
            {
                "name": "partidos importantes",
                "class": "o",
                "prod": [
                    {
                        "fmt": "txt",
                        "elem": "partido_id",
                        "domain": {
                            "table": "public.partidos",
                            "desc": "acronym",
                            "filter": "code in (select distinct partido_id from votos_provincia where votes_percent >= 3)",
                            "code": "code"
                        }
                    }
                ]
            },
            {
                "name": "autonomia",
                "class": "o",
                "prod": [
                    {
                        "fmt": "txt",
                        "elem": "region",
                        "domain": {
                            "table": "public.localidades",
                            "desc": "nombre",
                            "filter": "provincia is null",
                            "code": "region"
                        }
                    }
                ]
            },
            {
                "name": "provincia",
                "class": "o",
                "prod": [
                    {
                        "fmt": "txt",
                        "elem": "provincia",
                        "domain": {
                            "table": "public.localidades",
                            "desc": "nombre",
                            "filter": "provincia is not null and municipio is null and isla is null",
                            "code": "provincia"
                        }
                    }
                ]
            },
            {
                "name": "municipio",
                "class": "o",
                "prod": [
                    {
                        "fmt": "txt",
                        "elem": "municipio",
                        "domain": {
                            "table": "public.localidades",
                            "desc": "nombre",
                            "filter": "municipio is not null and isla is null",
                            "code": "municipio"
                        }
                    }
                ]
            },
            {
                "name": "geo",
                "class": "h",
                "prod": [
                    {
                        "name": "region",
                        "fmt": "txt",
                        "elem": "region",
                        "domain": {
                            "table": "public.localidades",
                            "desc": "nombre",
                            "filter": "provincia is null",
                            "code": "region"
                        }
                    },
                    {
                        "name": "provincia",
                        "fmt": "txt",
                        "elem": "provincia",
                        "domain": {
                            "table": "public.localidades",
                            "desc": "nombre",
                            "filter": "provincia is not null and municipio is null and isla is null",
                            "code": "provincia",
                            "grouped by": "region"
                        }
                    }
                ]
            },
            {
                "name": "fecha",
                "class": "d",
                "prod": [
                    {
                        "fmt": "date",
                        "elem": "fakedate"
                    }
                ]
            }
        ]
    },
    "datos locales": {
        "table": "public.votos_locales",
        "base filter": "",
        "connect": {
            "driver": "postgresql",
            "dbname": "dana_sample",
            "dbhost": "localhost",
            "dbuser": "demo",
            "dbpass": "demo123"
        },
        "fields": [
            "votes_presential",
            "votes_percent",
            "ord"
        ],
        "guides": [
            {
                "name": "partido",
                "class": "o",
                "prod": [
                    {
                        "fmt": "txt",
                        "elem": "partido_id",
                        "domain": {
                            "table": "public.partidos",
                            "desc": "acronym",
                            "filter": "",
                            "code": "code"
                        }
                    }
                ]
            },
            {
                "name": "partidos importantes",
                "class": "o",
                "prod": [
                    {
                        "fmt": "txt",
                        "elem": "partido_id",
                        "domain": {
                            "table": "public.partidos",
                            "desc": "acronym",
                            "filter": "code in (select distinct partido_id from votos_provincia where votes_percent >= 3)",
                            "code": "code"
                        }
                    }
                ]
            },
            {
                "name": "autonomia",
                "class": "o",
                "prod": [
                    {
                        "fmt": "txt",
                        "elem": "region",
                        "domain": {
                            "table": "public.localidades",
                            "desc": "nombre",
                            "filter": "region is not null  and provincia is null",
                            "code": "region"
                        }
                    }
                ]
            },
            {
                "name": "provincia",
                "class": "o",
                "prod": [
                    {
                        "fmt": "txt",
                        "elem": "provincia",
                        "domain": {
                            "table": "public.localidades",
                            "desc": "nombre",
                            "filter": "provincia is not null and municipio is null and isla is null",
                            "code": "provincia"
                        }
                    }
                ]
            },
            {
                "name": "geo",
                "class": "h",
                "prod": [
                    {
                        "name": "region",
                        "fmt": "txt",
                        "elem": "region",
                        "domain": {
                            "table": "public.localidades",
                            "desc": "nombre",
                            "filter": "region is not null and provincia is null",
                            "code": "region"
                        }
                    },
                    {
                        "name": "provincia",
                        "fmt": "txt",
                        "elem": "provincia",
                        "domain": {
                            "table": "public.localidades",
                            "desc": "nombre",
                            "filter": "provincia is not null and municipio is null and isla is null",
                            "code": "provincia",
                            "grouped by": "region"
                        }
                    }
                ]
            },
            {
                "name": "geo-detail",
                "class": "h",
                "prod": [
                    {
                        "name": "region",
                        "fmt": "txt",
                        "elem": "region",
                        "domain": {
                            "table": "public.localidades",
                            "desc": "nombre",
                            "filter": "provincia is null  and region is not null",
                            "code": "region"
                        }
                    },
                    {
                        "name": "provincia",
                        "fmt": "txt",
                        "elem": "provincia",
                        "domain": {
                            "table": "public.localidades",
                            "desc": "nombre",
                            "filter": "region = 'CA01' and provincia is not null and municipio is null and isla is null",
                            "code": "provincia",
                            "grouped by": "region"
                        }
                    }
                ]
            },
            {
                "name": "fecha",
                "class": "d",
                "prod": [
                    {
                        "fmt": "date",
                        "elem": "fakedate"
                    }
                ]
            },
            {
                "name": "cuatrimestre",
                "class": "h",
                "prod": [
                    {
                        "elem": "TO_CHAR(fakedate,'YYYY')",
                        "name": "año",
                        "class": "o"
                    },
                    {
                        "elem": "fakedate",
                        "case_sql": [
                            "case",
                            "when TO_CHAR($$1,'MM') in ('01','02','03')  then TO_CHAR($$1,'YYYY')||':'||'1'",
                            "when TO_CHAR($$1,'MM') in ('04','05','06')  then TO_CHAR($$1,'YYYY')||':'||'2'",
                            "when TO_CHAR($$1,'MM') in ('07','08','09') then TO_CHAR($$1,'YYYY')||':'||'3'",
                            "when TO_CHAR($$1,'MM') in ('10','11','12') then TO_CHAR($$1,'YYYY')||':'||'4'",
                            "end as $$2"
                        ],
                        "name": "trimestre",
                        "class": "c"
                    }
                ]
            }
        ],
        "date filter": [
            {
                "elem": "public.votos_locales.fakedate",
                "date class": "intervalo",
                "date range": "año",
                "date period": 2,
                "date start": null,
                "date end": null,
                "date format": null
            }
        ]
    }
}